<?xml version="1.0" encoding="UTF-8"?>
<project-private xmlns="http://www.netbeans.org/ns/project-private/1">
    <editor-bookmarks xmlns="http://www.netbeans.org/ns/editor-bookmarks/2" lastBookmarkId="0"/>
    <open-files xmlns="http://www.netbeans.org/ns/projectui-open-files/2">
        <group>
            <file>file:/D:/program%20files/Netbeans/mining_game/src/mining_game/CharControls.java</file>
            <file>file:/D:/program%20files/Netbeans/mining_game/src/mining_game/choose_char.java</file>
            <file>file:/D:/program%20files/Netbeans/mining_game/src/mining_game/convert_screen.java</file>
            <file>file:/D:/program%20files/Netbeans/mining_game/src/mining_game/game_screen.java</file>
            <file>file:/D:/program%20files/Netbeans/mining_game/src/mining_game/startScreen.java</file>
        </group>
    </open-files>
</project-private>
