<?xml version="1.0" encoding="UTF-8"?>
<project-private xmlns="http://www.netbeans.org/ns/project-private/1">
    <editor-bookmarks xmlns="http://www.netbeans.org/ns/editor-bookmarks/2" lastBookmarkId="0"/>
    <open-files xmlns="http://www.netbeans.org/ns/projectui-open-files/2">
        <group>
            <file>file:/D:/program%20files/Netbeans/mining_game_try/src/mining_game_try/convert_screen.java</file>
            <file>file:/D:/program%20files/Netbeans/mining_game_try/src/mining_game_try/chardetail.java</file>
            <file>file:/D:/program%20files/Netbeans/mining_game_try/src/mining_game_try/choose_char.java</file>
            <file>file:/D:/program%20files/Netbeans/mining_game_try/src/mining_game_try/game_screen.java</file>
            <file>file:/D:/program%20files/Netbeans/mining_game_try/src/mining_game_try/oreNum.java</file>
            <file>file:/D:/program%20files/Netbeans/mining_game_try/src/mining_game_try/shop.java</file>
            <file>file:/D:/program%20files/Netbeans/mining_game_try/src/mining_game_try/Screens.java</file>
            <file>file:/D:/program%20files/Netbeans/mining_game_try/src/mining_game_try/startScreen.java</file>
            <file>file:/D:/program%20files/Netbeans/mining_game_try/src/mining_game_try/CharControls.java</file>
        </group>
    </open-files>
</project-private>
